record_id,auditor,journal,ref_doc,ref_doc_name___1,ref_doc_name___2,ref_doc_name___3,ref_doc_name___4,ref_doc_name___5,ref_doc_name___6,ref_doc_name___7,ref_doc_name___8,ref_doc_name___9,ref_doc_name___10,ref_doc_name___11,ref_doc_name___12,ref_doc_name___13,ref_doc_name___14,ref_doc_name___15,ref_doc_name___16,ref_doc_name___17,ref_doc_name___18,ref_doc_name___19,ref_doc_name___20,ref_doc_name___21,ref_doc_name___22,ref_doc_name___23,ref_doc_name___24,ref_doc_name___25,ref_doc_name___26,ref_doc_name___27,ref_doc_name___28,ref_doc_name___29,ref_doc_name___30,ref_doc_name___31,prereg_trial,comment_prereg_trial,prereg_other,comment_prereg_other,stat_tests,comment_stat_tests,outcomes,comment_outcomes,alpha,comment_alpha,exclude,comment_exclude,missing,comment_missing,prior,comment_prior,var,comment_var,mean,comment_mean,median,comment_median,no_sem,comment_no_sem,pval,comment_pval,exact_p,comment_exact_p,precision,comment_precision,trend,comment_trend,posterior,comment_posterior,fig_var,comment_fig_var,fig_raw_data,comment_fig_raw_data,pub_data,comment_pub_data,pub_proc,comment_pub_proc,pub_stat,comment_pub_stat,inconsistent,inconsistent_txt,audit_complete
1,2,14,1,0,0,0,0,1,0,1,0,0,0,0,0,1,0,0,0,0,0,0,0,0,0,0,1,0,1,0,0,0,0,0,3,,1,,1,,1,,1,,1,,1,,1,,1,,1,,1,,1,,1,,1,,1,,1,,1,,1,,1,,2,,1,,1,,0,,0
2,2,34,1,1,0,1,0,1,1,1,1,0,0,0,0,1,0,0,0,0,1,0,1,1,1,0,1,0,1,0,0,0,0,1,3,"Only required for prospective clinical trials.   Retrospectively registered trials are still permitted:  For clinical trials that have not been registered prospectively, authors are encouraged to register retrospectively to ensure the complete publication of all results. The trial registration number (TRN), date of registration and the words 'retrospectively registered' should be included as the last line of the manuscript abstract.",1,,1,,1,,1,,1,,1,,1,,1,,1,,1,,1,,1,,1,,1,,1,,1,,1,,1,,3,"Data availability statement:  A submission to the journal implies that materials described in the manuscript, including all relevant raw data, will be freely available to any researcher wishing to use them for non-commercial purposes, without breaching participant confidentiality.  E.g. of statement:  1. The datasets generated during and/or analysed during the current study are available in the [NAME] repository, [PERSISTENT WEB LINK TO DATASETS]  2. The datasets generated during and/or analysed during the current study are available from the corresponding author on reasonable request.",1,,1,,1,"The journal's definition of ""freely available"" data does not necessarily mean ""publicly available"":  They consider data are freely available if data are provided by corresponding author on reasonable request (see data availability statement excerpts)",0
3,2,54,1,0,0,0,0,0,0,1,0,0,0,0,0,0,0,0,0,0,0,0,0,0,0,0,0,0,0,0,0,0,0,0,3,,1,,1,,1,,1,,1,,1,,1,,1,,1,,1,,1,,1,,1,,1,,1,,1,,1,,1,,2,,2,,2,,0,,0
4,3,99,1,0,0,0,0,0,0,1,0,0,0,1,0,1,0,0,0,0,0,0,0,0,0,0,1,0,1,0,0,0,0,1,3,,1,,1,,1,,2,,2,,2,,1,,1,,2,,2,,1,,1,,1,,2,,1,,1,,1,,1,,2,,1,,1,,0,,2
5,3,67,1,0,0,1,0,0,0,1,0,1,0,0,0,1,0,0,0,0,0,0,0,0,0,0,0,0,0,0,0,0,0,0,3,,1,,2,,2,,1,,3,,2,,1,,2,,3,,3,,3,,3,,3,,3,,1,,1,,3,,1,"Guidelines stated - Use dotplot overlays if sample size is small. ",3,,2,,2,,0,,2
6,3,36,1,0,0,1,0,0,0,0,0,0,0,1,0,0,0,0,0,0,0,0,0,0,0,0,0,0,0,0,0,0,0,0,1,,1,,1,,1,,1,,1,,1,,1,,1,,1,,1,,1,,1,,1,,1,,1,,1,,1,,1,,2,,2,,2,,0,,2
7,6,1,1,1,0,1,0,1,1,1,1,0,0,0,0,1,0,0,0,0,1,0,0,1,1,0,1,0,1,0,0,0,0,1,3,,1,,1,,1,,1,,1,,1,,1,,1,,1,,1,,1,,1,,1,,1,,1,,1,,3,,1,,2,,1,,1,,0,,1
8,6,2,0,0,0,0,0,0,0,0,0,0,0,0,0,0,0,0,0,0,0,0,0,0,0,0,0,0,0,0,0,0,0,0,3,,1,,1,,1,,1,,1,,1,,1,,1,,1,,1,,1,,1,,1,,1,,1,,1,,3,,1,,3,,2,,2,,0,,1
9,6,3,1,0,0,1,0,1,1,1,1,0,0,1,0,1,0,0,0,0,0,1,1,0,0,0,1,0,1,0,0,0,0,1,3,,2,,2,,1,,2,,1,,1,,1,,1,,1,,1,,1,,1,,1,,3,,1,,1,,1,,1,,2,,2,,2,,0,,1
10,1,22,1,0,0,0,0,0,0,0,0,0,0,0,0,1,0,0,0,0,0,0,0,0,0,0,0,0,0,0,0,0,0,0,3,,1,,1,,1,,1,,1,,1,,1,,1,,1,,1,,1,,1,,1,,1,,1,,1,,1,,1,,1,,1,,1,,0,,2
11,1,94,1,1,0,1,0,1,1,1,1,0,0,0,0,1,0,0,0,0,1,0,1,1,1,0,1,0,1,0,0,0,0,1,1,,1,,1,,1,,1,,1,,1,,1,,1,,1,,1,,1,,1,,1,,1,,1,,1,,1,,1,,2,"strongly encouraged  encouraged",1,,1,,0,,2
12,1,19,1,1,0,1,0,1,1,1,1,0,0,0,0,1,0,0,0,0,1,0,1,1,1,0,1,0,1,0,0,0,0,1,1,,1,,1,,1,,1,,1,,1,,1,,1,,1,,1,,1,,1,,1,,1,,1,,1,,1,,1,,1,,1,"Upon request authors should be prepared to send relevant documentation or data ",1,,0,,2
13,5,66,1,0,0,1,0,0,0,0,0,0,0,0,0,0,0,0,0,0,0,0,0,0,0,0,0,0,0,0,0,0,0,0,1,"Journal no longer takes papers on clinical trials",1,,1,,1,,1,,1,,1,,1,,1,"Under TABLES  tables should summarize results by an accepted method of expression, e.g. standard deviation (S.D).",1,,1,,1,,1,,1,,1,,1,,1,,1,,1,,2,"...'This journal encourages and enables you to share data that supports your research publication  where appropriate...",1,"this journal also encourages you to share your software, code, models,  algorithms, protocols, methods and other useful materials related to the project",2,"see above",0,,2
14,5,42,1,0,0,1,0,0,0,0,0,0,0,0,0,0,0,0,0,0,0,0,0,0,0,0,0,0,0,0,0,0,0,0,1,,1,"Note they have a category of paper: 'Registered reports' for stuff pre-registered and they have results-independent editorial decisions. ",1,,1,,1,,1,,1,,1,,1,,1,,1,,1,,1,,1,,1,,1,,1,,1,,1,,2,"You had to go to an Elsevier URL from the main Guide to Authors to see that data sharing is encouraged. ",1,,1,,1,"Complicated.  The guide to authors comes as word document (which I used) and you can download a 'version' from it as  PDF.  Also the word doc can send you to a similar (but not identical) Elsevier headed PDF which is not identical.  But there were no obvious inconsistencies for the things we ask about (I think!)",2
15,5,85,0,0,0,0,0,0,0,0,0,0,0,0,0,0,0,0,0,0,0,0,0,0,0,0,0,0,0,0,0,0,0,0,1,,1,,1,,1,,1,,1,,1,,1,,1,,1,,1,,1,,1,,1,,1,,1,,1,,1,,1,,1,,1,,1,,0,,2
16,4,58,1,0,0,0,0,0,0,1,0,0,0,0,0,1,0,0,0,0,0,0,1,0,0,0,1,0,0,0,0,0,0,1,3,"""To ensure the integrity of the reporting of patient-centered trials, authors must register prospective clinical trials (phase II to IV trials) in suitable publicly available repositories.""",1,"""​ Abstract  Please provide an abstract of 150 to 250 words. The abstract should not contain any undefined abbreviations or unspecified references.  For life science journals only (when applicable)  Trial registration number and date of registration   Trial registration number, date of registration followed by ""retrospectively registered"" """,1,,1,,1,,1,,1,,1,,1,,1,,1,,1,,1,,1,,1,,1,,1,,1,,1,,1,,1,"""All authors are requested to make sure that all data and materials as well as software application or custom code support their published claims and comply with field standards. Please note that journals may have individual policies on (sharing) research data in concordance with disciplinary norms and expectations.""",1,"""All authors are requested to make sure that all data and materials as well as software application or custom code support their published claims and comply with field standards. Please note that journals may have individual policies on (sharing) research data in concordance with disciplinary norms and expectations.""",0,,1
17,4,43,0,0,0,0,0,0,0,0,0,0,0,0,0,0,0,0,0,0,0,0,0,0,0,0,0,0,0,0,0,0,0,0,1,,1,,1,,1,,1,,1,,1,,1,,1,,1,,1,,1,,1,,1,,1,,1,,1,,1,,1,,2,,2,,2,,0,,1
18,4,87,1,0,0,1,0,0,0,0,0,0,0,0,0,0,0,0,0,0,0,0,0,0,0,0,0,0,0,0,0,0,0,0,1,,1,,1,,1,,1,,1,,1,,1,,1,,1,,1,,1,,1,,1,,1,,1,,1,,1,,1,,2,,1,,1,,0,,1
19,5,91,1,0,0,1,0,0,0,0,0,0,0,0,0,0,0,0,0,0,0,0,0,0,0,0,0,0,0,0,0,0,0,0,1,"Note the Guide to Authors is a rather standard guide prepared by Elsevier and we will run in to it elsewhere in our auditing SG",1,,1,,1,,1,,1,,1,,1,,1,,1,,1,,1,,1,,1,,1,,1,,1,,1,,1,,2,"This journal encourages and enables you to share data that supports your research publication. Elsevier standard feeble wording",2,"To facilitate reproducibility and data reuse, this journal also encourages you to share your software, code,",2,"Weak statement to share 'methods' Benefit of doubt to journal.  Rather pathetic though!",0,,2
20,5,62,1,0,0,1,0,0,0,0,0,0,0,0,0,0,0,0,0,0,0,0,0,0,0,0,0,0,0,0,0,0,0,0,3,"'must be registered'  This an Elsevier standard guideline with some minor adjustments. ",1,,1,,1,,1,,1,,1,,1,,1,,1,,1,,1,,1,,1,,1,,1,,1,,1,,1,,2,"Weak encouragement: standard Elsevier line (see Neuroscience Methods)",2,"Weak encouragement",2,"Weak encouragement",0,,2
21,5,57,1,1,0,1,0,0,0,0,1,0,0,0,0,1,0,0,0,0,1,0,1,1,1,0,1,0,1,0,0,0,0,1,3,"But under Abstract it writes:   'Trial registration number and date of registration'  I take this to mean put in registration information if you have it: there is no real encouragement in my view.  But near the end of stuff linked to the Nature publishing house it says 'authors must register prospective clinical trials (phase II to IV trials) in suitable publicly available repositories.'",1,"See previous comment",1,,1,,1,,1,,1,,1,,1,,1,,1,,1,,1,,1,,1,,1,,1,,1,,1,,2,"Clayton's mention:   'Availability of data and material (data transparency)' but no encouragement at all.  Later in guidelines: 'We encourage research data to be archived in data repositories wherever possible'  Under 'supplementary information' Later on authors are reminded: 'All original research must include a data availability statement. '  Following that 'This journal strongly encourages that all datasets on which the conclusions of the paper rely are available to readers. We encourage authors to ensure that their datasets are either deposited in publicly available repositories (where available and appropriate) or presented in the main manuscript or additional supporting files whenever possible.  40 pages + of stuff in the guidelines but zip on statistics etc etc.",2,"Clayton's mention:   'Availability of data and material (data transparency)' but no encouragement at all.",1,"PRE AUDIT QUESTION: 'Authors are recommended to adhere to the minimum reporting guidelines hosted by the EQUATOR Network when preparing their manuscript.'  Guidelines specifically mentioned are ticked in the list. ",0,,2
22,5,73,1,0,0,1,0,0,0,0,0,0,0,0,0,0,0,0,0,0,0,0,0,0,0,0,0,0,0,0,0,0,0,0,3,"Elsevier guidelines ",1,,1,,1,,1,,1,,1,,1,,1,,1,,1,,1,,1,,1,,1,,1,,1,,1,,1,,1,,1,,1,,0,,2
23,5,95,0,0,0,0,0,0,0,0,0,0,0,0,0,0,0,0,0,0,0,0,0,0,0,0,0,0,0,0,0,0,0,0,1,,1,,1,,1,,1,,1,,1,,1,,1,,1,,1,,1,,1,,1,,1,,1,,1,,1,,1,,2,"Diabolical set of guidelines: it is an umbrella set of documents.  You have to find your journal from a list.  But eventually you come to this: 'The preferred mechanism for sharing research data is via data repositories. Authors are encouraged to deposit their research data in a repository'",1,,1,,1,"This was a terrible set of guidelines.  As indicated above it is an umbrella set and it is not easy to work out which requirements apply to Physiological measurement.  An email to the journal did not get a response.  ",2
24,5,64,1,0,0,0,0,0,0,0,0,0,0,1,0,0,0,0,0,0,0,0,0,0,0,0,0,0,0,0,0,0,0,0,3,"strong statement",1,,2,"'The following information regarding research design should be included: 1) a clearly stated hypothesis, 2) the names of the statistical tests used'",1,,1,,1,,1,,1,,1,,1,,1,,2,"'If error bars are included, standard deviations, rather than standard errors of the mean, should be used.'",1,,1,,1,,1,,1,,1,,1,,1,,1,,1,"comment relevant to guidelines: The document started with 'The requirements stated below are in accordance with the International Committee of Medical Journal Editors. See ""Recommendations for the Conduct, Reporting, Editing, and Publication of Scholarly Work in Medical Journals"" (icmje.org).'  I took this as a recommended guideline in the set of possibilities.",0,,2
25,6,6,1,0,0,0,0,0,0,1,0,0,0,1,0,0,0,0,0,0,0,0,0,0,0,0,0,0,0,0,0,0,0,0,1,"Only specifies registration, not PRE-registration:   All clinical trials must be registered in a database that meets the requirements set forth by the ICMJE....",1,,1,,1,,1,,1,,1,,1,,1,,1,,1,,1,,1,,1,,1,,1,,1,,1,,1,,2,,1,,1,,0,,1
26,6,11,1,0,0,1,0,0,0,1,0,0,0,0,0,0,0,0,0,0,0,0,0,0,0,0,0,0,1,0,0,0,0,0,2,"This score depends on what the CONSORT guideline stipulates: ""Clinical/randomised trials: Reports of randomised trials must conform to the revised CONSORT guidelines and should be submitted with their protocols, registration details and completed CONSORT checklist.""",1,"Only mentions registration for randomised trials, but no other trial types (see previous qu comments).",2,,1,,2,,1,,1,,1,,1,,1,,1,,1,,2,,2,,2,,1,,1,,2,"only for continuously distributed data",2,"only for continuously distributed data",2,,2,,2,,0,,1
27,6,17,1,0,0,1,0,0,0,0,0,0,0,1,0,0,0,0,0,0,0,0,0,0,0,0,0,0,0,0,0,0,0,0,1,,1,,1,,1,,2,,1,,1,,1,,2,,1,,1,,1,,1,,1,,1,,1,,1,,1,,1,,2,,2,,2,,0,,1
28,6,20,0,0,0,0,0,0,0,0,0,0,0,0,0,0,0,0,0,0,0,0,0,0,0,0,0,0,0,0,0,0,0,0,1,,1,,1,,1,,1,,1,,1,,1,,1,,1,,1,,1,,1,,1,,1,,1,,1,,1,,1,,2,,2,,2,,0,,1
29,3,72,1,0,0,1,0,0,0,0,0,0,0,0,0,0,0,0,0,0,0,0,0,0,0,0,0,0,0,0,0,0,0,0,1,,1,,1,,1,,1,,1,,1,,1,,1,,3,,3,,3,,3,,3,,3,,3,,1,,1,,3,"If n ≤ 30, all data points must be plotted in the figure in a way that reveals their range and distribution. A bar graph with data points overlaid, a box and whisker plot or a violin plot (preferably with data points included) are acceptable formats. If n > 30, then the entire raw dataset must be made available either as supporting information, or hosted on a not-for-profit repository ",2,,1,,2,,0,,2
30,6,25,1,0,1,1,0,0,0,0,0,0,0,0,0,0,0,0,0,0,0,0,0,0,0,0,0,0,0,0,0,0,0,0,3,,1,,3,,1,,1,,1,,1,,1,,1,,3,,2,,1,,1,,3,,1,,1,,1,,1,,1,,2,,1,,1,,1,"See folder 1-guidelines > non-checklists > document conflicts_record. Conflict is recorded here.  This journal has 2 different Guidlines:  Wiley: Would be marked Not Mentioned for all above criteria.  APS: As marked above ",1
31,6,28,1,0,0,1,0,0,0,0,0,0,0,1,0,0,0,0,0,0,0,0,0,0,0,0,0,0,0,0,0,0,0,0,1,,1,,1,,1,,1,,1,,1,,1,,1,,1,,1,,1,,1,,1,,1,,1,,1,,1,,1,,2,,2,,2,,0,,1
32,3,69,1,0,0,1,0,0,0,1,0,0,0,0,0,1,0,0,0,0,0,0,0,0,0,0,1,0,1,0,0,0,0,0,3,,1,,1,,1,,1,,1,,1,,1,,1,,1,,1,,1,,1,,1,,1,,1,,1,,1,,1,,2,,2,"To facilitate  reproducibility and data reuse, this journal also encourages you to share your software, code, models,  algorithms, protocols, methods and other useful materials related to the project.",2,,0,,2
33,6,40,1,0,0,1,0,1,0,1,0,1,0,0,0,1,0,0,0,0,0,0,1,0,0,0,1,0,1,0,0,0,0,1,3,,1,,1,,1,,1,,1,,1,,1,,1,,1,,1,,1,,1,,1,,1,,1,,1,,1,,1,,2,,1,,1,,0,,1
34,3,23,0,0,0,0,0,0,0,0,0,0,0,0,0,0,0,0,0,0,0,0,0,0,0,0,0,0,0,0,0,0,0,0,1,,1,,2,,1,,1,,1,,1,,1,,2,"Transparent reporting also requires the authors to specify the spread of group data.",2,"In case of normal distribution, any mean value a should be reported together with a measure b which reflects the spread around the mean (a ± b). It should be clarified whether b equals standard deviation (to provide information about dispersion around the mean) or standard error (to provide information about precision of sampling estimation).",1,,1,,1,,2,,1,,1,,1,,1,,1,,2,"Clinical Neurophysiology offers Supplementary Material, where background or auxiliary data sets and their statistical analyses could be published to maintain reading flow of the core results in the main text.",2,"To facilitate reproducibility and data reuse, this journal also encourages you to share your software, code, models, algorithms, protocols, methods and other useful materials related to the project.",2,,0,,2
35,6,47,0,0,0,0,0,0,0,0,0,0,0,0,0,0,0,0,0,0,0,0,0,0,0,0,0,0,0,0,0,0,0,0,2,,1,,1,,1,,1,,1,,1,,1,,1,,1,,1,,1,,1,,1,,1,,1,,1,,1,,1,,2,,1,,1,,0,,1
36,3,16,1,0,0,1,0,0,0,1,0,0,0,1,0,1,0,0,0,0,0,0,0,0,0,0,0,0,0,0,0,1,0,0,3,"MDPI follows the International Committee of Medical Journal Editors (ICMJE) guidelines which require and recommend registration of clinical trials in a public trials registry at or before the time of first patient enrollment as a condition of consideration for publication.",1,,1,,1,,1,,1,,1,,1,,1,,1,,1,,1,,1,,1,,1,,1,,1,,1,,1,,3,"Brain Sciences requires that authors publish all experimental controls and make full datasets available where possible.",2,"For work where novel computer code was developed, authors should release the code either by depositing in a recognized, public repository such as GitHub or uploading as supplementary information to the publication.",1,,0,,2
37,3,26,1,0,0,1,0,0,0,0,0,0,0,0,0,0,0,0,0,0,0,0,0,0,0,0,0,0,0,0,0,1,0,0,1,,1,,1,,1,,1,,1,,1,,1,,1,,1,,1,,1,,1,,1,,1,,1,,1,,1,,1,,3,"As a signatory to the TOP guidelines, Cortex requires authors to make their anonymised research data publicly available to the maximum permitted by relevant ethical and legal requirements. Research data refers to the results of observations or experimentation that validate research findings. ",2,"To facilitate reproducibility and data reuse, this journal also encourages you to share your software, code, models, algorithms, protocols, methods and other useful materials related to the project.",2,,0,,2
38,3,81,0,0,0,0,0,0,0,0,0,0,0,0,0,0,0,0,0,0,0,0,0,0,0,0,0,0,0,0,0,0,0,0,1,,1,,1,,1,,1,,1,,1,,1,,1,,1,,1,,1,,1,,1,,1,,1,,1,,1,,1,,2,,2,,2,,0,,2
39,3,68,1,0,0,0,0,0,0,0,0,0,0,1,0,0,0,0,0,0,0,0,0,0,0,0,0,0,0,0,0,0,0,0,1,,1,,1,,1,,1,,1,,1,,1,,1,,1,,1,,1,,1,,1,,1,,1,,1,,1,,1,,2,,1,,1,,0,,2
40,3,61,1,0,0,1,0,1,1,1,1,0,0,1,0,1,0,0,0,0,0,1,1,0,0,0,1,0,1,0,0,0,0,1,3,,2,"BMC supports the prospective registration of systematic reviews and encourages authors to register their systematic reviews in a suitable registry (such as PROSPERO). ",2,"Information on the statistical methods and measures used.",1,,1,,2,"and an explanation of  inclusion/exclusion criteria if samples or organisms were excluded from the analysis.",1,,1,,1,,2,"It should be clear whether the tests are one-sided or two-sided, whether there are adjustments for multiple comparisons, whether medians or means are being shown, whether error bars are standard deviations (SD), standard error of mean (SEM) or confidence intervals. ",2,,1,,1,,1,,1,,1,,1,,2,"whether error bars are standard deviations (SD), standard error of mean (SEM) or confidence intervals",1,,3,"All datasets on which the conclusions of the paper rely must be either deposited in publicly   available repositories (where available and ethically appropriate) or presented in the main   paper or additional supporting files, in machine-readable format whenever possible. ",2,"Any previously unreported software application or custom code described in the manuscript should be available for testing by reviewers in a way that preserves their anonymity. The manuscript should include a description in the Availability of Data and Materials section of how the reviewers can access the unreported software application or custom code. ",1,,1,"All datasets on which the conclusions of the paper rely must be either deposited in publicly   available repositories...    For all journals, BioMed Central strongly encourages all datasets on which the conclusions of the manuscript rely to be either deposited in publicly available repositories     The recommendation for depositing data sets is inconsistent, some places it states you MUST do it and other places it uses language such as ""encourages"". ",2
41,3,60,1,0,0,1,0,0,0,1,0,0,0,0,0,0,0,0,0,0,0,0,0,0,0,0,0,0,1,0,0,1,0,0,2,,2,,1,,1,,1,,2,,1,,1,,2,,2,,1,,1,,1,,1,,1,,1,,1,,1,,2,,2,,2,,1,,0,,2
42,3,55,1,0,0,1,1,0,0,0,0,0,0,0,0,0,0,0,0,0,0,0,0,0,0,0,0,0,0,0,0,0,0,0,1,,1,,3,,3,,1,,3,,1,,1,,2,,3,,3,,1,,1,,2,,3,,1,,1,,2,,1,,2,,2,,1,,0,,2
43,6,48,1,0,0,0,1,0,0,1,0,0,0,1,0,1,0,0,0,1,0,1,0,0,0,0,0,0,0,0,0,0,0,0,2,,1,,1,,1,,1,,1,,1,,1,,1,,3,,3,,3,,1,,1,,2,,1,,1,,1,,2,,3,,3,,3,,0,,1
44,3,41,1,1,0,1,0,1,1,1,0,1,0,0,0,1,0,0,0,0,0,0,1,1,1,1,1,0,1,0,0,0,0,0,3,,1,,1,,1,,1,,1,,1,,1,,1,,1,,1,,1,,1,,1,,1,,1,,1,,1,,1,,2,,1,,1,,0,,2
45,6,65,0,0,0,0,0,0,0,0,0,0,0,0,0,0,0,0,0,0,0,0,0,0,0,0,0,0,0,0,0,0,0,0,1,,1,,3,,1,,1,,1,,1,,1,,1,,1,,1,,1,,3,,3,,3,,1,,1,,1,,1,,2,,2,,2,,0,,1
46,6,78,1,0,0,0,1,0,0,1,0,0,0,1,0,0,0,0,0,1,0,0,0,0,0,0,0,0,0,0,0,0,0,0,3,,2,,1,,1,,1,,1,,1,,1,,1,,1,,1,,1,,1,,1,,1,,1,,1,,2,,1,,3,,2,,2,,0,,1
47,5,63,1,0,0,1,0,0,0,0,0,0,0,0,0,0,0,0,0,0,0,0,0,0,0,0,0,0,0,0,0,0,0,0,3,,1,,1,"But for figures and legends  'Information reported in figures and legends are required to describe each individual experiment presented, including the number of samples or animals used, the statistical test performed, sex, and any non-uniform adjustments to digital images.'",1,,1,,1,,1,,1,,1,,1,,1,,1,,1,,1,,1,,1,,1,,1,,1,,2,"Authors are strongly encouraged to make the data underlying the results presented in the manuscript available to reviewers and readers. Authors should make the data available upon request or store it in appropriate public repositories.    Note the OR in the last sentence may need discussion.  I have given Benefit of doubt to the Journal.  ",2,"Here is the quote - it only applies to computer simulation.  Given benefit of doubt!  'For manuscripts reporting computer simulation using original, author-generated code, authors are strongly encouraged to deposit software and code via a public repository, such as GitHub.'",1,"Not explicit but see my comment in the next box. ",1,"This paragraph is potentially ambivalent:  'Work published in the APS Journals must necessarily be independently verifiable. Authors describing results derived from unique materials, for example: antibodies, recombinant plasmids and cloned DNAs, and mutant cell lines or viruses, are expected to make such materials available to qualified investigators on request. In addition, authors are encouraged to make data that underlie the conclusions reported in the article freely available via public repositories or available to readers upon request.' [How can work be independently verifiable if the authors are only 'encouraged' to make data available?    NOTE it does mention the JAPPL/APS Curran Everett articles under 'Related Editorials and guidelines'  You also get there by clicking to the Rigor and Reproducibility Checklist.    This starts with the following entreaty: Articles published in APS journals must report experimental methods in sufficient detail to allow for transparency of data and replication by others. Authors are highly encouraged to use the Rigor and Reproducibility Checklist when preparing their original research submissions for APS Journals.  ",2
48,5,53,1,1,0,1,0,0,1,1,1,0,0,0,0,1,0,0,0,0,1,0,1,1,1,0,1,0,1,0,0,0,0,1,3,"I am assuming it is 'required'  The wording I found was 'For life science journals only (when applicable)  Trial registration number and date of registration'  ",1,"But see comment above",1,,1,,1,,1,,1,,1,,1,,1,,1,,1,,1,,1,,1,,1,,1,,1,,1,,1,"But you have to fill in a declaration on umpteen  things - one is 'Availability of data and material (data transparency)'  This is a section in the submitted manuscript.",1,"But you have to fill in a declaration on umpteen  things - one is 'Code availability (software application or custom code)'",1,"But see comment for box above.",1,"JUST A COMMENT: author stuff refers to many guidelines listed at the start.  It mentions Prisma-P which was not listed by us. ",2
49,5,50,0,0,0,0,0,0,0,0,0,0,0,0,0,0,0,0,0,0,0,0,0,0,0,0,0,0,0,0,0,0,0,0,1,,1,,1,,1,,1,,1,,1,,1,,1,,1,,1,,1,,1,,1,,1,,1,,1,,1,,1,,2,"This journal encourages and enables you to share data that supports your research publication where appropriate, and enables you to interlink the data with your published articles. Research data refers to the results of observations or experimentation that validate research findings. To facilitate reproducibility and data reuse, this journal also encourages you to share your software, code, models, algorithms, protocols, methods and other useful materials related to the project.",2,"This journal encourages and enables you to share data that supports your research publication where appropriate, and enables you to interlink the data with your published articles. Research data refers to the results of observations or experimentation that validate research findings. To facilitate reproducibility and data reuse, this journal also encourages you to share your software, code, models, algorithms, protocols, methods and other useful materials related to the project.",2,"This journal encourages and enables you to share data that supports your research publication where appropriate, and enables you to interlink the data with your published articles. Research data refers to the results of observations or experimentation that validate research findings. To facilitate reproducibility and data reuse, this journal also encourages you to share your software, code, models, algorithms, protocols, methods and other useful materials related to the project.",0,,2
50,3,38,1,0,0,1,0,0,0,1,0,1,0,1,0,0,0,0,0,0,0,0,0,0,0,0,0,0,0,0,0,1,0,0,3,,1,,2,,1,,1,,1,,1,,1,,2,,1,,1,,1,,1,,1,,3,,1,,1,,1,,1,,3,,3,,1,,0,,2
51,6,79,0,0,0,0,0,0,0,0,0,0,0,0,0,0,0,0,0,0,0,0,0,0,0,0,0,0,0,0,0,0,0,0,1,,1,,1,,1,,1,,1,,1,,1,,1,,1,,1,,1,,1,,1,,1,,1,,1,,1,,1,,1,,1,,1,,0,,1
52,6,83,1,1,0,1,0,1,1,1,1,0,1,1,1,1,0,1,0,0,1,1,1,1,1,0,1,1,1,1,0,0,0,1,3,,1,"This is mandatory for clinical trials and optional for other studies.",1,,3,"Provide data on all identified primary and secondary outcomes identified in the Methods section",1,,1,,1,,1,,1,,1,,1,,1,,2,"Journal encourages authors NOT to use p values:    Due to growing concerns on the overuse and misinterpretation of p values, replace p values with estimates of effects or association...unless the protocol or the statistical analysis plan has specified methods to adjust for multiplicity of testing...The analysis of all secondary and other endpoints should focus on estimates and 95% confidence intervals.     When possible, provide absolute rather than relative risks, and include measures of association and estimates of precision rather than simply p values. ",2,"See above comment.",3,,3,"The term 'trend'...is not appropriate to use when a finding is 'almost, but not, significant' according to your criteria (such as p<0.05). Please correct the text to more correct wording, such as 'the result was ... but this was not different from ... '.",1,,1,,1,,2,,1,,1,,0,,1
53,3,32,1,1,0,1,0,1,1,1,0,0,0,0,0,1,0,0,0,0,0,0,1,1,1,0,1,0,1,0,0,0,0,0,3,,1,,1,,1,,1,,1,,1,,1,,1,,1,,1,,1,,1,,1,,1,,1,,1,,2,"Statistical measures such as SD or SEM should be identified in the headings.",1,,2,"EJN expects you to archive all the data from which your published results are derived in a public repository.",1,,1,,0,,2
54,5,44,1,0,0,0,0,0,0,1,0,0,0,0,0,1,0,0,0,0,0,0,0,0,0,0,1,0,1,0,0,0,0,0,3,,1,,1,,1,,1,,1,,1,,1,,1,,1,,1,,1,,1,,1,,1,,1,,1,,1,,1,,2,"'This journal applies the Taylor & Francis Basic Data Sharing Policy. Authors are encouraged to share or make open the data supporting the results or analyses presented in their paper where this does not violate the protection of human subjects or other valid privacy or security concerns.'   ",1,"Not mentioned specifically.  ",1,"See comment above. NOTE re reporting guidelines listed at the start. These are only an indirect reference if I clicked the ICMJE link. It is a typical Taylor Francis standard guidelines document with some adjustment for the particular journal",1,"It was confusing as there are the general guidelines for Taylor and Francis journals with a mention of the IMJCE policies separately.  One could spend a lot of time looking for minor inconsistencies.  NOT simple for an author - better for them to go to recent papers published in the journal itself!",2
55,5,18,0,0,0,0,0,0,0,0,0,0,0,0,0,0,0,0,0,0,0,0,0,0,0,0,0,0,0,0,0,0,0,0,3,,1,,1,,1,,1,,1,,1,,1,,1,,1,,1,,1,,2,"'The assumptions and (or) the model underlying any statistical analysis should be clearly stated. Do not use symbols such as * and ** to denote levels of significance unless accompanied by actual p values.'",2,"see note above",1,,1,,1,,1,,1,,1,"Mentioned but weak:  'Supply a data availability statement that says WHETHER the data underpinning the work are available. If yes, specify how data can be accessed and under what conditions data can be reused. Supply repository name, persistent unique identifier ...'",1,,1,"NOTE re first section: authors told to go to Equator. 'Study reporting guidelines can help authors report their work transparently and accurately. We encourage their use. Up-to-date guidelines can be found at the EQUATOR Network, where authors can consult the flow chart or wizard to identify which guideline(s) to use. A completed copy of the guideline checklist may be submitted with the manuscript as a Supplementary file.'",0,,2
56,5,12,1,1,0,1,0,1,1,1,0,0,0,0,0,1,0,0,0,0,0,0,1,1,1,0,1,0,1,0,0,0,0,0,3,,1,,1,,1,,1,,1,,1,,1,,2,"'should' This is from the paragraph on Tables:   'Statistical measures such as SD or SEM should be identified in the headings'",1,,1,,1,,1,,1,,1,,1,,1,,1,,1,,2,"'Brain and Behavior expects you to archive all the data from which your published results are derived in a public repository. '",1,"code/spreadsheets not mentioned specifically but see note above. ",1,"code/spreadsheets not mentioned specifically but see note above.     SEPARATE NOTE re first section: the journal lists 11 guidelines to use.  The next paragraph has even more:   'We also encourage authors to refer to and follow guidelines from:  •	Future of Research Communications and e-Scholarship (FORCE11)  •	National Research Council's Institute for Laboratory Animal Research guidelines  •	The Gold Standard Publication Checklist from Hooijmans and colleagues  •	Minimum Information Guidelines from Diverse Bioscience Communities (MIBBI) website  •	FAIRsharing website  '",0,,2
57,3,30,0,0,0,0,0,0,0,0,0,0,0,0,0,0,0,0,0,0,0,0,0,0,0,0,0,0,0,0,0,0,0,0,3," A statement confirming that, following IPA, the   authors agree to register their approved protocol   on the Open Science Framework or other   recognized repository, either publicly or under   private embargo until submission of the Stage 2   manuscript.",3,,3,"Detailed information on each analysis performed   is included with specific p values.    The authors must state the statistical methods they have used: descriptive and/or experimental design. ",1,"The outcomes of confirmatory pre-registered   analyses are, in all cases, clearly distingiushed   from the outcomes of any additional unregistered   analyses.",1,,2,,1,,1,,1,,1,,1,,1,,2,"Detailed information on each analysis performed   is included with specific p values.",3,"Authors reporting null hypothesis significance tests are required to report exact p values and effect sizes for all inferential analyses.",2,"Statistical analysis should always include effect sizes and expressions of uncertainty (an interval estimate).",1,,1,,1,,2,,3,"Anonymized raw data and digital study materials must be made freely available in a public repository/archive with a link provided within the Stage 2 manuscript.  ",3,"That the manuscript includes a link to the public   archive containing anonymized study data, digital materials/code and the laboratory log.     New computational neuroscience computer code must be included with the initial submission as Extended Data to ensure reproducibility if published and be deposited in a suitable repository such as GitHub, ModelDB, BioModels, CellML, or Visiome",1,"States: The following resources offer helpful guidelines on how to report statistical results:    citing Curran-Everitt, ""The following resources offer helpful guidelines on how to report statistical results:""",0,,2
58,3,27,1,1,0,1,0,1,1,1,1,0,0,1,0,1,0,0,0,0,1,0,1,1,1,1,1,0,1,0,0,0,0,1,3,,1,,1,,1,,1,,1,,1,,1,,1,,1,,1,,1,,1,,1,,1,,1,,1,,1,,1,,2,,2,"All authors are requested to make sure that all data and materials as well as software application or custom code support their published claims and comply with field standards. ",1,,0,,2
59,6,84,1,0,0,1,0,0,0,0,0,0,0,0,0,0,0,0,0,0,0,0,0,0,0,0,0,0,0,0,0,0,0,0,2,,2,"Cell Press journals support the pre-registration of both clinical trials and analysis plans in curated, public repositories when authors consider it appropriate. ",1,,1,,1,,1,,1,,1,,1,,1,,1,,1,,1,,1,,1,,1,,1,,2,"For pooled data only: For any figures presenting pooled data, the measures should be defined in the figure legends (for example, ""Data are represented as mean ± SEM.""). ",1,,2,"For some data public availability is mandatory, for other types it is encouraged.",3,"any previously unreported custom computer code or algorithm used to generate results that are central to the main conclusions of a paper must be archived in a publicly accessible repository",3,"any previously unreported custom computer code or algorithm used to generate results that are central to the main conclusions of a paper must be archived in a publicly accessible repository",0,,1
60,1,33,1,0,0,1,0,0,0,1,0,0,0,0,0,0,1,0,1,0,0,0,0,0,0,0,0,0,0,0,0,0,0,0,3,"both recommend that clinical trials should be registered prospectively",1,,3,,3,,3,,1,,1,,1,,3,"Important descriptive statistics, such as mean and standard deviation  (SD), or standard error of the mean (SEM), need to be either  represented graphically or numerically in the text.",3,"??Important descriptive statistics, such as mean and standard deviation  (SD), or standard error of the mean (SEM), need to be either  represented graphically or numerically in the text.",1,,1,,3,,3,,1,,1,,1,,3,,1,,3,"This journal mandates and peer reviews data sharing",1,,1,"Refers to   Reporting statistical methods and statistical results in EJR  European Journal of Neuroscience, Vol. 28, pp. 2363-2364, 2008    for statistical guidelines",0,,2
61,1,74,0,0,0,0,0,0,0,0,0,0,0,0,0,0,0,0,0,0,0,0,0,0,0,0,0,0,0,0,0,0,0,0,1,,1,,1,,1,,1,,1,,1,,1,,1,,1,,1,,1,,1,,1,,1,,1,,1,,1,,1,,2,,2,,2,,0,,2
62,1,51,0,0,0,0,0,0,0,0,0,0,0,0,0,0,0,0,0,0,0,0,0,0,0,0,0,0,0,0,0,0,0,0,2,"not specifically mentioned foro clinical trials  The journal offers the option to preregister a study and its data analysis plan ",2,,3,,1,,1,,3,"'They should also disclose any data exclusions'  Does not mention criteria?",1,,2,"and/or include Bayesian statistics that can assess evidence for the null hypothesis ??",1,,1,,1,,1,,3,"Implied  Test statistics should be reported with two decimal points",3,,1,"'encourages researchers to also report effect sizes (e.g., Szucs & Ioannidis, 2017) '     No mention of measure of precision   ",1,,2,"and/or include Bayesian statistics that can assess evidence for the null hypothesis ??",1,,1,,2,,2,"endorse depositing of materials, data, and analysis scripts",2,"**See excel spreadsheet for approx 10 refs for reporting guidelines not used here. Should these be added? DISCUSS",0,,0
63,1,80,1,0,0,1,0,1,0,1,0,0,0,0,0,1,0,0,0,0,0,0,0,0,0,1,1,1,1,0,0,0,1,0,3,,1,,3,,3,,1,,1,,1,,1,,1,,1,,1,,1,,1,,1,,3,,1,,1,,1,,1,,2,,2,"publish algorithms",1,"**Authors are strongly encouraged to use appropriate reporting guidelines (comment for q1)    This includes ICMJE RECOMMENDATIONS PDF - ",0,,2
64,3,5,1,0,0,1,0,0,0,0,0,0,0,0,0,0,0,0,0,0,0,0,0,0,0,0,0,0,0,0,0,0,0,0,3,"If clinical trials were used, a statement of registration is required - not sure if this is enough?",1,,1,,1,,1,,1,,1,,1,,1,,2,"Advances in Physiology Education supports adherence of two of the 2004 Guidelines for Reporting Statistics:  Guideline 5. Report variability using a standard deviation. If the standard deviation is not a meaningful estimate of variability, as when the data are skewed, then the range or interquartile range provide more meaningful estimates",2,,1,,1,,2,,1,,1,,1,,1,,2,"Authors are strongly encouraged to present graphical data in a format that shows the range of data points in relation to the mean value and significance (i.e. dot-whisker plots) rather than formats that may mask the variability (i.e. bar graphs).",3,"Provide the experimental data and results as well as the particular statistical significance of the data.     To facilitate better reporting of information and data that are auxiliary or ancillary to the main content of the article, data supplements must now be deposited in generalist public access data repository if no community resource is available ",2,"1.	Upon submission of a paper reporting computer simulation using original, author-generated code, authors are encouraged to deposit software and code via a public repository, such as GitHub, if not already deposited to a public repository",1,,1,"Some instructions ""encourage"" authors to deposit data in repositories while further down in the instructions it states you ""must"" deposit them. Unclear if it is an ""encourage"" or ""mandate""?    Encouraged authors to consult the APS editorial. ",2
65,3,4,1,0,0,1,0,0,0,0,0,0,0,0,0,0,0,0,0,0,0,0,0,0,0,0,0,0,0,0,0,0,0,0,3,,1,,1,,1,,1,,1,,1,,1,,1,,2,,2,,1,,1,,2,,1,,1,,1,,1,,2,,3,,2,,1,"Encourages authors to consult the APS editorial. ",1,"Some instructions ""encourage"" authors to deposit data in repositories while further down in the instructions it states you ""must"" deposit them. Unclear if it is an ""encourage"" or ""mandate""?",2
66,6,88,1,0,0,0,0,0,0,1,0,0,0,0,0,1,0,0,0,0,0,0,0,0,0,0,0,0,0,0,0,0,0,0,3,,1,,1,,1,,1,,1,,1,,1,,1,,1,,1,,1,,1,,1,,1,,1,,1,,1,,1,,2,,1,,1,,0,,1
67,6,93,1,0,0,0,0,0,0,1,0,0,0,0,0,0,0,0,0,0,0,0,1,0,0,0,0,0,0,0,0,0,0,0,3,,2,"Authors should indicate in Acknowledgements whether or not the conducted research was preregistered with an analysis plan in an independent, institutional registry. ",1,,1,,1,,1,,1,,1,,1,,1,,1,,1,,1,,1,,1,,1,,1,,1,,1,,2,,2,,2,,0,,1
68,6,97,1,0,1,1,0,0,0,0,0,0,0,0,0,0,0,0,0,0,0,0,0,0,0,0,0,0,0,0,0,0,0,0,1,"Registration but not pre-registration required: If clinical trials were used, a statement of registration is required",1,,3,,1,,3,,1,,1,,1,,1,,3,,3,,1,,1,,3,,1,,1,,1,,1,,1,,3,,1,,1,,0,,1
69,1,90,0,0,0,0,0,0,0,0,0,0,0,0,0,0,0,0,0,0,0,0,0,0,0,0,0,0,0,0,0,0,0,0,1,,1,,1,,1,,1,,1,,1,,1,,1,,1,,1,,1,,1,,1,,1,,1,,1,,1,,1,,2,,1,,1,,0,,2
70,2,8,0,0,0,0,0,0,0,0,0,0,0,0,0,0,0,0,0,0,0,0,0,0,0,0,0,0,0,0,0,0,0,0,1,,1,"Journal publishes registered reports. Strongly recommends pre-registration for replication studies only",1,,1,,1,,1,,1,,1,,1,,1,,1,,1,,1,,1,,1,,1,,1,,1,,1,,1,,1,,1,,0,,0
71,2,24,0,0,0,0,0,0,0,0,0,0,0,0,0,0,0,0,0,0,0,0,0,0,0,0,0,0,0,0,0,0,0,0,1,,1,,1,,1,,1,,1,,1,,1,,1,,1,,1,,1,,1,,1,,1,,1,,1,,1,,1,,2,,1,,1,,0,,0
72,2,86,1,0,0,1,0,1,0,1,0,0,0,0,0,1,0,0,0,0,0,0,0,0,0,0,0,0,0,0,0,0,1,0,3,,1,,1,,1,,1,,1,,1,,1,,1,,1,,1,,1,,1,,1,,1,,1,,1,,1,,1,,1,,1,,1,,0,,0
73,2,96,0,0,0,0,0,0,0,0,0,0,0,0,0,0,0,0,0,0,0,0,0,0,0,0,0,0,0,0,0,0,0,0,1,,1,,1,,1,,1,,1,,1,,1,,1,,1,,1,,1,,1,,1,,1,,1,,1,,1,,1,,1,,1,,1,,0,,0
74,2,98,1,0,0,1,0,0,0,0,0,0,0,0,0,0,0,0,0,0,0,0,0,0,0,0,0,0,0,0,0,0,0,0,1,,1,,1,,1,,1,,1,,1,,1,,1,,1,,1,,1,,1,,1,,1,,1,,1,,1,,1,,2,,2,,2,,0,,0
75,2,49,0,0,0,0,0,0,0,0,0,0,0,0,0,0,0,0,0,0,0,0,0,0,0,0,0,0,0,0,0,0,0,0,1,,1,,1,,1,,1,,1,,1,,1,,1,,1,,1,,1,,1,,1,,1,,1,,1,,1,,1,,1,,1,,1,,0,,0
76,2,89,0,0,0,0,0,0,0,0,0,0,0,0,0,0,0,0,0,0,0,0,0,0,0,0,0,0,0,0,0,0,0,0,1,,1,,1,,1,,1,,1,,1,,1,,3,"Stated in Tables",1,,1,,1,,1,,1,,1,,1,,1,,1,,1,,1,,1,,1,,0,,0
77,2,59,0,0,0,0,0,0,0,0,0,0,0,0,0,0,0,0,0,0,0,0,0,0,0,0,0,0,0,0,0,0,0,0,1,,1,,1,,1,,1,,1,,1,,1,,1,,1,,1,,1,,1,,1,,1,,1,,1,,1,,1,,2,,1,,1,,0,,0
78,2,56,0,0,0,0,0,0,0,0,0,0,0,0,0,0,0,0,0,0,0,0,0,0,0,0,0,0,0,0,0,0,0,0,2,"In Editorial Policies",1,"Register systematic reviews",1,,2,,3,,1,,1,,1,,3,,1,,1,,1,,3,,3,,1,,1,,1,,3,,1,,2,"In Editorial Policies",1,,1,,0,,0
79,2,100,0,0,0,0,0,0,0,0,0,0,0,0,0,0,0,0,0,0,0,0,0,0,0,0,0,0,0,0,0,0,0,0,3,,1,,1,,1,,1,,1,,1,,1,,1,,1,,1,,1,,1,,1,,1,,1,,1,,1,,1,,2,,1,,1,,0,,0
80,2,76,0,0,0,0,0,0,0,0,0,0,0,0,0,0,0,0,0,0,0,0,0,0,0,0,0,0,0,0,0,0,0,0,1,,1,,1,,1,,1,,1,,1,,1,,1,,1,,1,,1,,1,,1,,1,,1,,1,,1,,1,,1,,1,,1,,0,,0
81,2,75,0,0,0,0,0,0,0,0,0,0,0,0,0,0,0,0,0,0,0,0,0,0,0,0,0,0,0,0,0,0,0,0,3,,1,,1,,1,,1,,1,,1,,1,,1,,1,,1,,1,,1,,1,,1,,1,,1,,1,,1,,2,,1,,1,,0,,0
82,4,92,0,0,0,0,0,0,0,0,0,0,0,0,0,0,0,0,0,0,0,0,0,0,0,0,0,0,0,0,0,0,0,0,1,,1,,1,,1,,1,,1,,1,,1,,1,,1,,1,,1,,1,,1,,1,,1,,1,,1,,1,,2,,2,,2,,0,,2
83,4,71,0,0,0,0,0,0,0,0,0,0,0,0,0,0,0,0,0,0,0,0,0,0,0,0,0,0,0,0,0,0,0,0,1,,1,,1,,1,,1,,1,,1,,1,,1,,1,,1,,1,,1,,1,,1,,1,,1,,1,,1,,1,,1,,1,,0,,2
84,4,45,1,0,0,1,0,0,0,0,0,0,0,0,0,0,0,0,0,0,0,0,0,0,0,0,0,0,0,0,0,0,0,0,1,,1,,1,,1,,1,,1,,1,,1,,1,,1,,1,,1,,1,,1,,1,,1,,1,,1,,1,,2,,2,,2,,0,,2
85,4,31,1,1,0,1,0,1,1,1,1,0,0,0,0,1,0,0,0,0,0,0,1,1,1,0,1,0,1,0,0,0,0,1,3,,1,,2,"We encourage inclusion of complete statistical analyses and full data sets at the individual level, but these should be presented in tables or as Electronic Supplementary Material (ESM).",2,"We encourage inclusion of complete statistical analyses and full data sets at the individual level, but these should be presented in tables or as Electronic Supplementary Material (ESM).",1,,1,,1,,1,,1,,1,,1,,1,,1,,1,,1,,1,,1,,1,,2,,2,"This journal operates a type 2 research data policy (life sciences). A submission to the journal implies that materials described in the manuscript, including all relevant raw data, will be freely available to any researcher wishing to use them for non-commercial purposes, without breaching participant confidentiality.  The journal strongly encourages that all datasets on which the conclusions of the paper rely should be available to readers. We encourage authors to ensure that their datasets are either deposited in publicly available repositories (where available and appropriate) or presented in the main manuscript or additional supporting files whenever possible. ",1,,1,,0,,0
86,4,7,1,0,0,1,0,0,0,1,0,0,0,0,0,0,0,0,0,0,0,0,0,0,0,0,0,0,0,0,0,0,0,0,3,,1,,1,,1,,1,,1,,1,,1,,1,"define the values provided (e.g., mean and standard deviation or standard error, median, and interquartile range), and ",1,"define the values provided (e.g., mean and standard deviation or standard error, median, and interquartile range), and ",3,"define the values provided (e.g., mean and standard deviation or standard error, median, and interquartile range), and ",1,"define the values provided (e.g., mean and standard deviation or standard error, median, and interquartile range), and ",3,,1,,1,,1,,1,,3,,1,,2,"Supply a data availability statement that says whether the data underpinning the work are available. If yes, specify how data can be accessed and under what conditions data can be reused. Supply repository name, persistent unique identifier (PID: DOI/compact identifier/accession number), and hyperlink.    We encourage authors to make their primary research data publicly available for all articles reporting original research.",1,,1,,0,,0
87,4,77,0,0,0,0,0,0,0,0,0,0,0,0,0,0,0,0,0,0,0,0,0,0,0,0,0,0,0,0,0,0,0,0,1,,1,,1,,1,,1,,1,,1,,1,,1,,1,,1,,1,,1,,1,,1,,1,,1,,1,,1,,1,,1,,1,,0,,0
88,4,21,1,0,0,0,0,0,0,1,0,0,0,0,0,0,0,0,0,0,0,0,0,0,0,0,0,0,0,0,0,0,0,0,3,,1,,1,,1,,3,"The level of statistical significance (alpha) should be defined and it should be stated explicitly whether this refers to one- or two-sided probability. Nevertheless, exact P values should be given to a sensible number of significant figures (e.g. P = 0.01 rather than P = 0.0058). The risk of type 1 error (a false positive inference) should always be controlled. ",1,,1,,1,,3,,3,"Data should be expressed as mean (SD) when the intention is to indicate the degree of variability of the data around the mean value, and as mean ± SEM when the intention is to estimate the population mean from the sample data. In either case, the numbers of observations (n) should be stipulated. This allows the reader to calculate SD from SEM and vice versa. ",1,,1,"Data should be expressed as mean (SD) when the intention is to indicate the degree of variability of the data around the mean value, and as mean ± SEM when the intention is to estimate the population mean from the sample data. In either case, the numbers of observations (n) should be stipulated. This allows the reader to calculate SD from SEM and vice versa. ",3,,3,,2,,1,,1,,3,,1,,2,"Note: if data, scripts, or other artefacts used to generate the analyses presented in the paper are available via a publicly available data repository, authors should include a reference to the location of the material within their paper.    The journal encourages authors to share the data and other artefacts supporting the results in the paper by archiving it in an appropriate public repository. Authors should include a data accessibility statement, including a link to the repository they have used, in order that this statement can be published alongside their paper.",1,"Note: if data, scripts, or other artefacts used to generate the analyses presented in the paper are available via a publicly available data repository, authors should include a reference to the location of the material within their paper.",1,"Note: if data, scripts, or other artefacts used to generate the analyses presented in the paper are available via a publicly available data repository, authors should include a reference to the location of the material within their paper.",0,,0
89,4,37,1,1,0,0,0,0,0,0,0,0,0,0,0,0,0,0,0,0,0,0,1,0,0,0,0,0,0,0,0,0,0,0,3,"NOTE: If the research study was registered (clause 35 of the Declaration of Helsinki) the registration database should be indicated, else the lack of registration should be noted as an exception (e.g. The study conformed to the standards set by the Declaration of Helsinki, except for registration in a database.);  ",3,"NOTE: If the research study was registered (clause 35 of the Declaration of Helsinki) the registration database should be indicated, else the lack of registration should be noted as an exception (e.g. The study conformed to the standards set by the Declaration of Helsinki, except for registration in a database.);      Registered Reports are a form of empirical article in which the methods and proposed analyses are pre-registered and reviewed prior to research being conducted. ",1,,1,,3,,1,"Clearly indicate any inclusion or exclusion criteria",1,"Clearly indicate any inclusion or exclusion criteria",3,,3," To characterise a normally distributed sample, report the mean (SD), and the number of samples (n). Use an appropriate number of significant figures. If samples are not normally distributed, use median and quartile values, or transform the data to obtain a more normal distribution. When describing the precision of estimation of a mean value, 95% confidence limits of the mean should be used, rather than the SEM. ",3," To characterise a normally distributed sample, report the mean (SD), and the number of samples (n). Use an appropriate number of significant figures. If samples are not normally distributed, use median and quartile values, or transform the data to obtain a more normal distribution. When describing the precision of estimation of a mean value, 95% confidence limits of the mean should be used, rather than the SEM. ",3," To characterise a normally distributed sample, report the mean (SD), and the number of samples (n). Use an appropriate number of significant figures. If samples are not normally distributed, use median and quartile values, or transform the data to obtain a more normal distribution. When describing the precision of estimation of a mean value, 95% confidence limits of the mean should be used, rather than the SEM. ",3," To characterise a normally distributed sample, report the mean (SD), and the number of samples (n). Use an appropriate number of significant figures. If samples are not normally distributed, use median and quartile values, or transform the data to obtain a more normal distribution. When describing the precision of estimation of a mean value, 95% confidence limits of the mean should be used, rather than the SEM. ",3,"Use the exact P value, to the appropriate number of decimals, particularly when values are near a stated limit. For example, P = 0.051 and P = 0.049 have very similar implications.",3," To characterise a normally distributed sample, report the mean (SD), and the number of samples (n). Use an appropriate number of significant figures. If samples are not normally distributed, use median and quartile values, or transform the data to obtain a more normal distribution. When describing the precision of estimation of a mean value, 95% confidence limits of the mean should be used, rather than the SEM. ",3," To characterise a normally distributed sample, report the mean (SD), and the number of samples (n). Use an appropriate number of significant figures. If samples are not normally distributed, use median and quartile values, or transform the data to obtain a more normal distribution. When describing the precision of estimation of a mean value, 95% confidence limits of the mean should be used, rather than the SEM. ",3,"Use the exact P value, to the appropriate number of decimals, particularly when values are near a stated limit. For example, P = 0.051 and P = 0.049 have very similar implications.",3,Implied,3,Implied,2,"Where possible, graphs should show individual values, rather than solid bars indicating a mean value. If a plot of individual values obscures some of the data presented, a box and whisker plot can be used to show mean or median, and 95% confidence intervals or quartiles.",2,"Please state access codes for data deposition (e.g. protein/DNA/RNA sequences, macromolecular structures) and where relevant, indicate where computer source codes can be obtained.    Experimental Physiology is committed to encouraging the free exchange of scientific information and to promote progress in all areas of physiological research. Experimental Physiology requires, as a condition for publication, that nucleic acid and protein sequences, microarray data and data obtained using high throughput sequencing techniques, which support the results in the paper, should be archived in an appropriate public database (see below) and must be accessible without restriction from the date of publication.    Experimental Physiology requires the provision of a Data Availability Statement for all papers reporting original data, both in the manuscript and in the appropriate field during submission.  The Data Availability Statement should describe the availability of these data. If any data cannot be shared, the reason(s) should also be outlined in this statement. Authors must include in their Statement a link to the repository they have used (if applicable), reference the data in the appropriate sections(s) of their manuscript and cite the data they have shared in the References section. Whenever possible the scripts and other artefacts used to generate the analyses presented in the paper should also be publicly available/archived.   If sharing data compromises ethical standards or legal requirements then authors are not expected to share them, but should note this in their Statement. ",2,"Please state access codes for data deposition (e.g. protein/DNA/RNA sequences, macromolecular structures) and where relevant, indicate where computer source codes can be obtained.    Experimental Physiology requires the provision of a Data Availability Statement for all papers reporting original data, both in the manuscript and in the appropriate field during submission.  The Data Availability Statement should describe the availability of these data. If any data cannot be shared, the reason(s) should also be outlined in this statement. Authors must include in their Statement a link to the repository they have used (if applicable), reference the data in the appropriate sections(s) of their manuscript and cite the data they have shared in the References section. Whenever possible the scripts and other artefacts used to generate the analyses presented in the paper should also be publicly available/archived.   If sharing data compromises ethical standards or legal requirements then authors are not expected to share them, but should note this in their Statement. ",2,"Please state access codes for data deposition (e.g. protein/DNA/RNA sequences, macromolecular structures) and where relevant, indicate where computer source codes can be obtained.    Experimental Physiology requires the provision of a Data Availability Statement for all papers reporting original data, both in the manuscript and in the appropriate field during submission.  The Data Availability Statement should describe the availability of these data. If any data cannot be shared, the reason(s) should also be outlined in this statement. Authors must include in their Statement a link to the repository they have used (if applicable), reference the data in the appropriate sections(s) of their manuscript and cite the data they have shared in the References section. Whenever possible the scripts and other artefacts used to generate the analyses presented in the paper should also be publicly available/archived.   If sharing data compromises ethical standards or legal requirements then authors are not expected to share them, but should note this in their Statement. ",0,,0
90,4,82,1,1,0,0,0,1,1,1,0,0,0,0,0,1,0,0,0,0,0,0,1,1,0,0,1,0,1,0,0,0,0,1,3,"All clinical trials must be registered in a public trials registry to be considered for publication, and authors should be compliant with the Consolidated Standards of Reporting Trials (CONSORT).",1,,1,,1,,1,,1,,1,,1,,1,,1,,1,,1,,1,,1,,1,,1,,1,,1,,1,,2,"We encourage research data to be archived in data repositories wherever possible.    A submission to the journal implies that materials described in the manuscript, including all relevant raw data, will be freely available to any researcher wishing to use them for non-commercial purposes, without breaching participant confidentiality.  The journal strongly encourages that all datasets on which the conclusions of the paper rely should be available to readers. We encourage authors to ensure that their datasets are either deposited in publicly available repositories (where available and appropriate) or presented in the main manuscript or additional supporting files whenever possible.",1,,1,,0,,0
91,4,35,0,0,0,0,0,0,0,0,0,0,0,0,0,0,0,0,0,0,0,0,0,0,0,0,0,0,0,0,0,0,0,0,1,,1,,1,,1,,1,,1,,1,,1,,1,,1,,1,,1,,1,,1,,1,,1,,1,,1,,1,,1,,1,,1,,0,,0
92,4,13,1,0,0,1,0,0,0,0,0,0,0,0,0,0,0,0,0,0,0,0,0,0,0,0,0,0,0,0,0,0,0,0,3,,1,,1,,1,,1,,1,,1,,1,,1,,1,,1,,1,,1,,1,,1,,1,,1,,1,,1,,2,"This journal encourages and enables you to share data that supports your research publication where appropriate, and enables you to interlink the data with your published articles. Research data refers to the results of observations or experimentation that validate research findings. To facilitate reproducibility and data reuse, this journal also encourages you to share your software, code, models, algorithms, protocols, methods and other useful materials related to the project.",2,"This journal encourages and enables you to share data that supports your research publication where appropriate, and enables you to interlink the data with your published articles. Research data refers to the results of observations or experimentation that validate research findings. To facilitate reproducibility and data reuse, this journal also encourages you to share your software, code, models, algorithms, protocols, methods and other useful materials related to the project.",2,"This journal encourages and enables you to share data that supports your research publication where appropriate, and enables you to interlink the data with your published articles. Research data refers to the results of observations or experimentation that validate research findings. To facilitate reproducibility and data reuse, this journal also encourages you to share your software, code, models, algorithms, protocols, methods and other useful materials related to the project.",0,,0
93,4,39,0,0,0,0,0,0,0,0,0,0,0,0,0,0,0,0,0,0,0,0,0,0,0,0,0,0,0,0,0,0,0,0,1,,1,,1,,1,,1,,1,,1,,1,,1,,1,,1,,1,,1,,1,,1,,1,,1,,1,,1,,2,"This journal encourages and enables you to share data that supports your research publication where appropriate, and enables you to interlink the data with your published articles. Research data refers to the results of observations or experimentation that validate research findings. To facilitate reproducibility and data reuse, this journal also encourages you to share your software, code, models, algorithms, protocols, methods and other useful materials related to the project.",2,"This journal encourages and enables you to share data that supports your research publication where appropriate, and enables you to interlink the data with your published articles. Research data refers to the results of observations or experimentation that validate research findings. To facilitate reproducibility and data reuse, this journal also encourages you to share your software, code, models, algorithms, protocols, methods and other useful materials related to the project.",2,"This journal encourages and enables you to share data that supports your research publication where appropriate, and enables you to interlink the data with your published articles. Research data refers to the results of observations or experimentation that validate research findings. To facilitate reproducibility and data reuse, this journal also encourages you to share your software, code, models, algorithms, protocols, methods and other useful materials related to the project.",0,,0
94,1,46,1,0,1,1,0,0,0,0,0,0,0,0,0,0,0,0,0,0,0,0,0,0,0,0,0,0,0,0,0,0,0,0,3,,1,,3,"figures only -   Information reported in figures and legends are required to describe each individual experiment presented, including the number of samples or animals used, the statistical test performed, ",1,,3,,1,,1,,1,,3,"Not specifically stated  but does state Report variability using a standard deviation",3,"Report variability using a standard deviation  then later states for tables:	  Statistical measures of variations, SD, SE, etc., must be identified. (Example: ""Values are means ± SE."")",3,,1,,3,,3,,1,,1,,1,,2,"Authors are strongly encouraged to present graphical data in a format that shows the range of data points in relation to the mean value and significance (i.e. dot-whisker plots) rather than formats that may mask the variability (i.e. bar graphs).",1,,2,"strongly encouraged",2,"strongly encouraged",1,,0,,2
95,1,29,1,0,0,1,0,0,0,1,0,0,0,1,0,0,0,0,0,0,0,0,0,0,0,0,0,0,0,0,0,0,1,0,3,,1,,3,"The Results section should describe the most important findings of the study, analysis, or experiment. ",3,"The Results section should describe the most important findings of the study, analysis, or experiment.   The most important results should be indicated, and relevant trends and patterns should be described.",1,,1,,1,,1,,1,,1,,1,,1,,1,,1,,1,,1,,1,,1,,1,,1,,1,,1,,0,,2
96,1,9,1,0,0,1,0,0,0,0,0,0,0,0,0,0,0,0,0,0,0,0,0,0,0,0,0,0,0,0,0,0,0,0,1,,1,,1,,1,,1,,1,,1,,1,,1,,1,,1,,1,,1,,1,,1,,1,,1,,1,,1,,2,,2,,2,,0,,2
97,1,10,0,0,0,0,0,0,0,0,0,0,0,0,0,0,0,0,0,0,0,0,0,0,0,0,0,0,0,0,0,0,0,0,1,,1,,3,,3,,1,,1,,1,,1,,3,,3,,3,"does not mention IQR but does mention SD SEM and CI where appropriate",1,,1,,1,,1,,1,,1,,3,"general guideline only for all measures",3,"for n < 6, individual data   values should be shown rather than summary statistics alone",3,"Inst to authors doc: For all journals, BioMed Central strongly encourages all datasets    vs    Min reporting guidelines BMC: All datasets on which the conclusions of the paper rely must be either deposited in publicly   available repositories",3,,1,,1,"Inst to authors doc: For all journals, BioMed Central strongly encourages all datasets    vs    Min reporting guidelines BMC: All datasets on which the conclusions of the paper rely must be either deposited in publicly   available repositories",2
98,1,70,0,0,0,0,0,0,0,0,0,0,0,0,0,0,0,0,0,0,0,0,0,0,0,0,0,0,0,0,0,0,0,0,1,,1,,3,,3,,1,,1,,1,,1,,1,,1,,1,,1,,1,,1,,1,,1,,1,,1,,1,,3,,1,,1,,0,,2
99,1,52,1,0,0,1,0,0,0,1,0,1,0,0,0,0,0,0,1,0,0,0,0,0,0,0,0,0,0,0,0,0,0,0,3,"WILEY doc SUGGETS THIS FOR JOURNAL instructions but journal instructions did not have this.  A suitable statement about this in journal instructions for authors might read: ""We require that clinical trials are prospectively registered in a publicly accessible database. Please include the name of the trial register and your clinical trial registration number at the end of your abstract. ",1,,1,,1,,1,,1,,1,,1,,3,"Tables only: Statistical measures such as SD or SEM should be identified in the headings.",1,,1,,1,,1,,1,,1,,1,,1,,3,"Figures: define/explain all abbreviations and units of measurement.",1,,3,,1,,1,"GUIDELINES ?? Editors should encourage authors to follow their discipline's guidelines for accurate and complete reporting of research.  -     Animal WILEY -Journals should encourage authors to adhere to animal research reporting standards, for example the ARRIVE reporting guidelines, which describe the details journals should require from authors regarding:",0,,2
100,1,15,0,0,0,0,0,0,0,0,0,0,0,0,0,0,0,0,0,0,0,0,0,0,0,0,0,0,0,0,0,0,0,0,1,,1,,1,,1,,1,,1,,1,,1,,1,,1,,1,,1,,1,,1,,1,,1,,1,,1,"explain all symbols and abbreviations used   DOES NOT SEPCIFICALLY MENTION VARIABILITY",1,,2,,2,,2,,0,,2
101,5,12,1,1,0,1,0,1,1,1,0,0,0,0,0,1,0,0,0,0,0,0,1,1,1,0,1,0,1,0,0,0,0,0,3,,1,,1,,1,,1,,1,,1,,1,,1,,1,,1,,1,,1,,1,,1,,1,,1,,1,,1,,1,,1,,1,"They say if stuff available tell us! No encouragement.  Applies other aspects of availability.   Note re first box: various guidelines are mentioned and ticked by me at best it is 'encouragement' but not strong!  This will be common to many journals",0,,2
